<?xml version="1.0" encoding="UTF-8"?>
<beans xmlns="http://www.springframework.org/schema/beans"

	xmlns:xsi="http://www.w3.org/2001/XMLSchema-instance"

	xsi:schemaLocation="http://www.springframework.org/schema/beans

https://www.springframework.org/schema/beans/spring-beans.xsd">
<bean id="dateFormat" class="java.text.SimpleDateFormat">
    <constructor-arg value="dd/MM/yyyy" />
  </bean>

<bean id="Sandwich" class="com.cognizant.truyum.model.MenuItem" scope="prototype">
<property name="id" value="1" />
<property name="name" value="Sandwich" />
<property name="price" value="99f" />
<property name="active" value="true" />
<property name="dateOfLaunch">
	<bean factory-bean="dateFormat" factory-method="parse">
        <constructor-arg value="15/03/2017" />
    </bean>
</property>
<property name="category" value="Main Course" />
<property name="freeDelivery" value="true" />
</bean>

<bean id="Burger" class="com.cognizant.truyum.model.MenuItem" scope="prototype">
<property name="id" value="2" />
<property name="name" value="Burger" />
<property name="price" value="129f" />
<property name="active" value="true" />
<property name="dateOfLaunch">
	<bean factory-bean="dateFormat" factory-method="parse">
        <constructor-arg value="23/12/2017" />
    </bean>
</property>
<property name="category" value="Main Course" />
<property name="freeDelivery" value="false" />
</bean>

<bean id="Pizza" class="com.cognizant.truyum.model.MenuItem" scope="prototype">
<property name="id" value="3" />
<property name="name" value="Pizza" />
<property name="price" value="149f" />
<property name="active" value="true" />
<property name="dateOfLaunch">
	<bean factory-bean="dateFormat" factory-method="parse">
        <constructor-arg value="21/08/2018" />
    </bean>
</property>
<property name="category" value="Main Course" />
<property name="freeDelivery" value="false" />
</bean>

<bean id="french" class="com.cognizant.truyum.model.MenuItem" scope="prototype">
<property name="id" value="4" />
<property name="name" value="French Fries" />
<property name="price" value="57f" />
<property name="active" value="false" />
<property name="dateOfLaunch">
	<bean factory-bean="dateFormat" factory-method="parse">
        <constructor-arg value="02/07/2017" />
    </bean>
</property>
<property name="category" value="Starters" />
<property name="freeDelivery" value="true" />
</bean>

<bean id="chocolate" class="com.cognizant.truyum.model.MenuItem" scope="prototype">
<property name="id" value="5" />
<property name="name" value="Chocolate Brownie" />
<property name="price" value="32f" />
<property name="active" value="true" />
<property name="dateOfLaunch">
	<bean factory-bean="dateFormat" factory-method="parse">
        <constructor-arg value="02/11/2022" />
    </bean>
</property>
<property name="category" value="Dessert" />
<property name="freeDelivery" value="true" />
</bean>

<bean id="menuItemList" class="java.util.ArrayList">
<constructor-arg>
	<list>
		<ref bean="Sandwich"></ref>
		<ref bean="Burger"></ref>
		<ref bean="Pizza"></ref>
		<ref bean="french"></ref>
		<ref bean="chocolate"></ref>
	</list>
</constructor-arg>
</bean>
</beans>